UserID,Username,Password,Email,Gender,Age,UserLanguage
1,bmfzkkw,UK#f405m#&,qzxidmhk@hotmail.com,1,41,French German Chinese
2,yanryb,o6lY9Cq&Gc,fwnzxzn@hotmail.com,2,19,Chinese Spanish German Italian French
3,yrb,&Ij2QshZ$r,sirbmx@163.com,0,39,Chinese French Spanish German
4,urfed,93SaaqxvZN,ctaejya@outlook.com,0,57,German French
5,pbycswn,7Qd&DFSP#q,lsxnwdae@hotmail.com,2,39,Chinese French English Spanish
6,jhggdhi,s@XmRYA5PF,ogr@yahoo.com,1,32,Spanish
7,mecznrbk,aXjHWEyakZ,wzfebmcs@163.com,1,39,Italian English
8,xdddyjyc,&zfqNexWJy,kir@yahoo.com,0,59,Chinese Italian
9,mzkp,V$&qF#LNkU,istyuzns@yahoo.com,0,27,Italian English
10,crqbirr,Z6uvycxUEr,bfna@yahoo.com,0,21,Chinese
11,qrqsui,%IdS8X38su,ydtf@gmail.com,2,54,English
12,jbyvqqcy,jcwZITc7wW,zlaxj@qq.com,2,49,French Chinese English
13,qlibwfq,KR0cM0bSSA,caiglkim@outlook.com,0,49,Italian French German Chinese
14,ulhzb,X%WgDBXqfQ,eras@hotmail.com,0,50,English
15,eacv,r8LA$xHYFV,rbn@gmail.com,1,50,Chinese English French
16,oedg,3&gFEEPMrz,eitmavy@yahoo.com,0,38,Spanish Chinese English Italian
17,aiba,id#f&P040V,flvbdx@qq.com,1,20,English German Italian
18,zbzef,@5GIn2V%5h,girufjv@gmail.com,2,20,English Chinese French
19,hxczaym,XxWdD8zPFI,smgyr@gmail.com,2,52,Spanish English
20,xvsrg,nn3J&Ys&A&,bpdwdqd@163.com,1,40,Spanish French German Italian
21,ncpuwvxe,PKJZ#1g$0x,hon@yahoo.com,0,49,French Italian
22,ncaje,JsXp3gYpG#,arbb@yahoo.com,1,34,Chinese Italian
23,cax,lOZQHvu#fZ,jdpnhn@163.com,1,55,Spanish French
24,vqcbubd,qVMzr3KqnB,hqrwnm@yahoo.com,2,32,Spanish German Italian French
25,kqfn,o%HDxFtnfQ,odf@hotmail.com,1,27,Chinese German French Spanish
26,opuijjua,EMwc2z#7#7,bsxnzvxg@yahoo.com,1,42,French Spanish Italian
27,mekjebgp,gc5BEhJmWn,vkevd@gmail.com,2,39,German Italian Spanish English Chinese
28,cvqw,vfZw9L%Unf,izryt@outlook.com,2,60,German Chinese
29,ofphy,#@gZJ8TGaC,zmhrszab@outlook.com,0,40,French
30,ldv,&RFDNDDrq2,guenyqi@hotmail.com,0,28,French Chinese Italian Spanish German
31,fajt,3PluCqwTxY,kaumm@outlook.com,2,38,Italian
32,qxpalq,i$dAXP1yF0,xdrszsj@yahoo.com,2,45,French
33,ephmwxp,St43D2pnk4,rkcrqm@gmail.com,0,41,German Chinese French
34,ptyenhc,7wZM0acLmF,htazcs@yahoo.com,1,42,German
35,tsugtyio,mDSI&2aVRh,fvx@outlook.com,0,34,English German Spanish
36,duy,U694W#f@nq,nhjyeg@gmail.com,2,58,English Chinese
37,hnseyf,@fvwZpXK4g,wruk@outlook.com,2,54,Italian German French English
38,rlbienq,1Xt%H3U@b2,cfzxqjd@gmail.com,0,50,English Italian
39,grl,2iDK5ZNQIT,wnpfqif@yahoo.com,1,26,Spanish
40,bmvpc,2pvJRncO@s,tfclfc@hotmail.com,1,59,Chinese
41,zfgy,IdF5tuVAOT,afr@hotmail.com,0,24,Spanish French Chinese German Italian
42,zzdm,Wpjad57pKj,lktg@yahoo.com,1,34,Chinese
43,pkuufw,ycJoT%5lM4,pia@qq.com,1,23,English German
44,llqqgf,D4jTF@GKEK,xospbcgc@gmail.com,2,42,Italian French German
45,eqjku,UD%D6&apr8,siwv@hotmail.com,2,26,Italian French German English
46,ohz,uYgoaIfgpu,qbh@gmail.com,0,59,French English Spanish Chinese German
47,kvn,RGjVajAuHG,ytphkafv@gmail.com,0,54,Italian Spanish German Chinese French
48,wquhmit,J0a0@AEHnj,fbjuobjl@yahoo.com,1,30,Spanish Italian Chinese English
49,mxklvmt,bNfndGPw6t,guqnjk@hotmail.com,2,55,Chinese Italian Spanish English
50,fiygph,65TexsSGK5,tta@hotmail.com,2,56,Spanish German English Chinese
51,wliqnjkx,5c5vYCkq31,hnkeqz@qq.com,2,30,English Chinese
52,apj,u5veE8mDA1,mkkeatk@outlook.com,1,52,Spanish
53,ffj,vsreR3nFEq,atc@qq.com,1,60,Spanish
54,rklta,Az5FssqGa$,xzta@gmail.com,2,60,French Spanish
55,vnxclrp,$dFCwYIaZY,qmgne@yahoo.com,2,40,German Spanish French Chinese
56,otthwcgs,khkr#MMbYC,zqzkypk@hotmail.com,2,38,Spanish English French Chinese Italian
57,xghsm,aUQHRx4Y$J,ecyxf@hotmail.com,0,19,Italian Spanish French English German
58,hchtza,&PXCYvCaGX,yrwothko@yahoo.com,2,29,Chinese
59,dtrvjv,thluMJswwU,mcacftsg@163.com,1,57,English Chinese
60,wpnjyv,$ZFypbdmpj,vdexlobf@163.com,1,40,French German
61,vnym,up4DBL@oli,ppfd@outlook.com,2,48,French Chinese
62,hiauab,j5rVvVAlZn,vhvb@yahoo.com,2,46,Spanish French English Italian
63,xingasy,d@BscxEwVi,mmcac@gmail.com,2,57,Italian
64,rjpszo,QPQG@oDygL,aofb@gmail.com,2,31,French German Chinese
65,vevgrkj,yxL8rNgbVe,dqduo@yahoo.com,1,24,Spanish
66,hsdpts,WUmZthSEdC,vikp@gmail.com,0,35,French
67,dtrz,Z#wpWpg#b@,mdyueli@hotmail.com,0,48,English German French Italian Spanish
68,mzorcids,d&GdNGI&QK,etox@hotmail.com,2,52,English Chinese Italian German Spanish
69,fqt,ZQVAk8aPEC,jgs@gmail.com,0,60,Spanish Italian
70,wrhej,NlsmBZuOAz,hhzptopg@gmail.com,2,54,Italian
71,dbm,Kgs%R2pUdd,klu@hotmail.com,2,51,German Chinese Spanish French Italian
72,vmjm,Fuk0r3LP9m,pkxesbz@hotmail.com,1,58,Spanish German
73,dig,FjPUTtXcl$,mtwyl@qq.com,2,58,Italian Spanish German Chinese
74,qsyx,Hp0mlDMcQn,uhsm@yahoo.com,0,45,French Chinese German Spanish
75,xyireleh,M0Ckl8oq45,yxie@hotmail.com,2,35,Chinese English
76,yak,9Szptk3zk@,dxsswpn@yahoo.com,0,39,German French Italian Chinese English
77,ehxuzqn,m3yKBmGRHn,ccdzw@hotmail.com,2,26,Italian English Chinese German French
78,fltpa,cTQos9SYzw,mlujgg@gmail.com,1,56,Chinese English
79,fmp,CK7t6aHlqU,cohzg@gmail.com,1,47,English
80,vivb,ovM&ldrYbJ,pzawb@gmail.com,2,33,Chinese
81,cbqyfjm,XN5DRTjpL9,bebo@163.com,0,45,English Italian Chinese German
82,dguq,mYRQ&AQeNz,vqhanq@yahoo.com,2,44,English Chinese French
83,zvjmc,LomKBBZYP5,ryqewdxh@163.com,1,59,Spanish Italian German
84,ntdurt,0762uwA45d,nhxki@yahoo.com,1,25,Spanish Italian French English
85,jmdnyee,St%sZp@df%,tpjfmuwh@163.com,1,36,Italian Spanish French English German
86,peaadpk,k3gGVh$O2p,jwyzxq@qq.com,2,52,Italian French
87,zqkzamu,wfLYVa7qUp,wtdj@yahoo.com,2,52,German Italian Chinese French
88,aezjc,L8LLmBPzN@,ylv@yahoo.com,0,25,Chinese Spanish English Italian French
89,fzzyb,l3n2exTOxP,rzkbikn@outlook.com,0,50,French Spanish Italian English
90,cjzwwbm,avYPM1qWW8,mghexj@hotmail.com,2,37,German French English
91,zah,02wvovsLk2,ebeh@yahoo.com,0,19,Chinese
92,kbf,gvPA0WWCgO,ypujvnm@yahoo.com,0,46,Spanish German
93,utas,6yt3UBGm1D,qledhaj@hotmail.com,2,23,German Italian English French
94,eauvux,THLAVW3fXg,bnpsfleh@outlook.com,1,31,Italian Spanish German
95,jbav,h@b6qEHzht,zwu@163.com,0,26,German Italian English
96,egrsjho,nS2P0OX0oM,evo@163.com,0,50,Italian English German
97,kzqzfto,tOcNOPG8zp,kivgtmc@qq.com,2,45,French Chinese
98,iywauz,CH496@LmXg,znivf@yahoo.com,0,39,French English
99,wrudqndq,QSns1H&bzJ,itwqfoem@outlook.com,2,24,French German
100,giixoauw,eHg2iWzzR&,aedcx@yahoo.com,1,46,Chinese Spanish Italian German
101,hphl,4mEETd74m7,hjrq@yahoo.com,1,29,English
102,xno,ASscG#DaHx,huhyrgqw@163.com,0,35,Chinese English Spanish
103,upvx,REo%hUak0M,adqz@163.com,2,35,French
104,ajrnwngc,MgHDPfyY&P,gaxxp@gmail.com,0,21,Spanish Chinese Italian French German
105,eeckvgh,GD4$2Seo0e,aqw@gmail.com,1,29,English German
106,ibcysvmq,ipbvMgvE7h,ktlt@yahoo.com,0,44,Spanish Italian German
107,izdiqbq,E5m4o&4Q06,xsodh@outlook.com,2,31,Chinese Italian German
108,entvz,iDxeEhzx&u,unmi@163.com,0,45,Italian Chinese English Spanish
109,ybke,53MT&FjnPj,ppnbd@yahoo.com,2,27,Spanish English Chinese German French
110,gmp,dellhQGJid,ofns@yahoo.com,0,55,Italian Chinese English German
111,npwjz,fqM&A1&6CC,hqxb@outlook.com,1,43,English Spanish
112,fdmkvd,xmGaig3ry1,pfmtg@gmail.com,0,29,German Italian English
113,iqiiertl,YaxYSw@cid,gsfrrht@yahoo.com,2,52,Chinese
114,jcx,b0F5jzsKO2,kozajf@hotmail.com,2,32,Spanish German
115,vjl,Ap3oDZOyDe,zloxnm@gmail.com,0,39,German French Spanish
116,sgvojwly,UZ4iwfST73,qahyt@yahoo.com,0,54,German Chinese
117,wlw,hK1a0fnwYE,opll@163.com,1,34,Spanish French English
118,gbop,00HZxJrxes,dbmkkh@yahoo.com,0,43,Chinese German English French Italian
119,swxqhcj,1PkBQAMQwt,cvumoeqr@qq.com,2,23,French Spanish German
120,was,UxtKs$&Gms,xdvsdyu@outlook.com,1,50,Chinese German English French Italian
121,rahnrt,e%Xb8%kj0S,vmqkzk@163.com,2,45,English
122,xnfdbjad,ikoAu&pQ&7,hzeegf@qq.com,1,33,English Chinese French
123,fhync,Uv%vJj0c1a,iymxm@hotmail.com,0,37,French English
124,fix,&0vvSOj6qd,tstbrwub@163.com,2,35,English Chinese Italian French German
125,jgsph,PeWOEI@Esn,yowdb@yahoo.com,1,48,Spanish English
126,jwdvnhs,8nkEiVlIS0,pllewslk@qq.com,2,43,German Italian
127,mrfkmdgo,k7yDuhCoDU,pce@outlook.com,2,33,Italian
128,iwima,2vWBtgyWWD,idcox@qq.com,0,24,Spanish Chinese
129,rvqa,pZVTlwes29,cuu@yahoo.com,0,40,Chinese Italian English
130,topwll,w4$mnC90Xi,ebqky@163.com,1,45,French Chinese
131,azqf,Pxoxysdo9v,nsvtyraq@yahoo.com,1,59,German
132,lnbnmus,C07U3CGStV,ablys@qq.com,0,47,French English Italian German
133,vvelml,6d0e83XE52,ldpc@yahoo.com,1,33,Spanish Italian Chinese English
134,ffi,Xlm2MgYEDM,fdajlhp@yahoo.com,0,53,French Spanish Italian German
135,ldorcyla,Xaa9R&PBdp,gtc@qq.com,1,35,English Spanish Chinese French
136,jrla,V@&K4PJ2Fe,inmgyxfo@qq.com,0,19,German Spanish Italian English Chinese
137,psndawj,yOh9dJ%Esf,exiyttxy@gmail.com,0,19,German French
138,nhobhsx,#wg9PPh@%n,wvohum@gmail.com,1,57,Italian English Spanish French
139,vmrudjyr,2OI55JG@aE,qgzblkvb@qq.com,1,24,Spanish Italian
140,wgql,Uee6ljpHZq,cgtnvy@yahoo.com,0,26,French Italian German Spanish English
141,uocemg,JSkrgcPIg@,yiczm@yahoo.com,1,44,French
142,miiexyvp,RSYwg72jig,rbdiadw@hotmail.com,1,36,Chinese French English Spanish German
143,krp,J6PLmN6erF,fsg@yahoo.com,1,56,French Italian Spanish
144,aliao,QVMllLNcoH,uquq@163.com,2,38,Chinese Spanish French German
145,qzvov,gCAIXjKOCr,avitl@yahoo.com,0,53,Chinese French
146,gvnkrft,7@@7qFi3vo,ekyy@hotmail.com,0,45,English Italian French German Chinese
147,tczdo,GCy9KJk3UF,uyrkylgf@163.com,1,32,Chinese English Spanish French Italian
148,xijon,uAFwdWmsMR,xtmk@yahoo.com,2,23,German Chinese English French Spanish
149,brj,3G7wzQF5t5,tamzrf@gmail.com,1,32,French English Spanish
150,mefjg,gAKy797@IA,spvvx@hotmail.com,2,42,Chinese Italian French
151,caoqk,uehLTmye1k,jpmnneo@yahoo.com,2,36,Chinese French Spanish Italian English
152,gzwgnkdk,TwU2T2exkd,zcvida@163.com,1,34,Italian German
153,swh,wDumccIi2s,fch@qq.com,2,21,Spanish French Italian English
154,zmfhdt,Oa3g7KW@#h,cpssqhrj@hotmail.com,2,22,Chinese Italian
155,qjty,RJKjAyOyIl,msjrrzx@outlook.com,1,37,Chinese Italian
156,innjqalt,wOHF#myYnk,mcmzp@qq.com,0,48,Chinese French
157,lklnd,c#s@4$5Xsv,nudiztc@hotmail.com,0,29,Italian
158,asfv,rNa8$gsl30,vgekgvg@163.com,0,32,French German Spanish
159,cbarzkn,2nXeFXJBb8,rvm@hotmail.com,0,52,English French Spanish Italian
160,yxbl,my2UOzAU9F,iyilvk@gmail.com,0,34,French English Chinese
161,whvt,XrLsDHg2ST,ibnor@163.com,1,21,French German Spanish
162,hwecvxt,Hc$sNl&5aJ,mem@qq.com,1,28,Chinese Italian English German French
163,vthi,iO7wxMuvDc,cdanwt@outlook.com,1,28,German Spanish English
164,vdmufsoe,miYpqVL%Yo,gmjyjfka@yahoo.com,2,31,English Chinese German Italian
165,nfnbgdxv,i22djakNQ$,btk@hotmail.com,0,49,Chinese German Italian Spanish French
166,umtmmudh,RQxgxmy3DO,hrdxe@hotmail.com,2,35,Spanish German Italian English Chinese
167,fqnaj,UHDOTBqoDi,rycoq@163.com,2,55,English Spanish German Chinese
168,uohr,fr6WBZh$oc,xuoo@hotmail.com,1,23,Chinese Spanish German English French
169,iqptvhy,gJOWQ1yXlS,sedc@outlook.com,2,33,Chinese
170,lrfe,SfcgEQ8&XQ,fpzyxd@163.com,1,33,French
171,zktbmfdq,J@ijFSpE4K,nelna@yahoo.com,1,56,Italian Chinese Spanish
172,avkugiy,sPma2H67iI,rmr@qq.com,0,44,Spanish
173,ianqqjf,DWpKQq3I%I,kfgyjjql@outlook.com,1,57,Italian English Chinese
174,cvqktre,X3x&J&XKJM,jgnosu@qq.com,0,27,Spanish Italian
175,hgonihdn,z#LCTuCNfX,qbzk@gmail.com,1,25,Spanish
176,yeeibtxb,4@&itXRisH,yal@163.com,2,42,English French
177,zxllyb,zEJoFy4fB2,nxtex@gmail.com,0,53,English Spanish German
178,qbrmi,HgJ$ZfHkmi,prxhl@hotmail.com,2,59,Chinese French English
179,jhv,TY2CV&Mt9F,ffr@163.com,1,41,German Chinese English Spanish
180,ase,wu#Tc8@3ly,cyrseufd@qq.com,0,18,English
181,ukzuuyk,3l$cL09$V4,mofs@163.com,1,44,Chinese Italian English
182,agg,CAZ#kKSiV@,pmiwwqc@hotmail.com,2,57,German
183,afdrufvw,RoFYKcI58P,tscnwa@outlook.com,0,30,German English Italian Chinese Spanish
184,trvaw,lgBJWV4J70,ownr@qq.com,1,51,German
185,wnhy,e0AHfNXHtD,wdx@163.com,0,18,German French Spanish
186,dwmkz,ycnIYrQnnz,yrxx@outlook.com,1,51,French
187,oozugb,sB$995#Nw%,blifv@outlook.com,0,27,English German
188,gawegkf,eAnLVsSd7T,evroro@yahoo.com,2,38,Spanish English French Italian
189,sja,1sI#bL$dI8,ougjr@qq.com,2,52,French Spanish Italian German English
190,pzs,AwgwO8E0@l,jpnqj@163.com,0,38,French Italian English Chinese
191,xau,Kn#7HFI4cx,hocmhk@gmail.com,1,33,German Spanish French English
192,qjblhyr,ZDjrQtQeOv,ssfrvcl@hotmail.com,2,55,German Chinese English Italian
193,mrdzmjei,8$FJ8a6B&$,gvielnl@gmail.com,0,32,Spanish German English
194,jsuizp,EjlvmMmozG,dpyxzd@gmail.com,2,46,German
195,ftyn,Sd72oy3Gsf,jwkzriyu@yahoo.com,2,49,German Italian
196,nnlirdy,xbXoAE9Jrx,xjop@163.com,1,45,Spanish French
197,uvckl,CKRdLebVdy,lrrpipk@gmail.com,1,38,French Spanish English
198,ycltohud,txFqxHQzH2,pho@outlook.com,1,27,Chinese Italian French
199,xeuhj,FmosHqfl$7,nunf@outlook.com,1,59,Spanish Italian French Chinese German
200,kgtedn,r%c9pAxnm$,xgywsl@qq.com,1,55,German Chinese Spanish Italian French
201,lgwopqxq,o#a4C5YRsi,qgkft@hotmail.com,1,47,Chinese French
202,euwf,jOKL7ID#fd,wpvqh@outlook.com,0,41,Italian English French
203,depqoy,vjjQ$ChD6P,ijhnq@qq.com,1,25,French German
204,eikj,iv0K3559ul,vkzfyow@qq.com,0,29,French Spanish
205,ekjrfocn,h3364vgQhN,lkadr@outlook.com,1,23,Spanish Italian Chinese German English
206,escmpdr,VlaI@GHg6g,ioobjecs@yahoo.com,2,45,Italian English French
207,zmd,CV1vR#wv#o,jcqawy@163.com,2,47,German
208,aox,rqvcaAzwOv,xhm@qq.com,0,18,Spanish English Chinese Italian German
209,eznri,K6o4To6Jnn,sjdjptz@hotmail.com,0,57,French English German
210,uvxcvqy,8jrotmbBUY,vdzcdho@yahoo.com,2,23,Chinese
211,mqppnc,L#a5cFyLEQ,amz@gmail.com,0,49,Italian
212,fidyxufc,vziN2w0yhe,spmsycqu@gmail.com,0,31,English French German
213,yqvpaysf,c6U%3pqDDM,wwva@163.com,1,25,German French English Chinese
214,hsdvrzik,muugOgIXmO,cpn@outlook.com,2,29,English
215,koignbr,Wns4lSDARP,zfcp@qq.com,2,39,Spanish Italian German French
216,auini,TXPSOnFL0#,vilduesz@gmail.com,2,18,English French German Chinese Spanish
217,kaxu,pJUpNhwpCs,trvuhl@outlook.com,2,24,French Chinese
218,qrxdj,frZofq5v2L,cxfqa@hotmail.com,2,27,Italian French Spanish English German
219,evfa,ozf$V21PdT,fuooc@outlook.com,1,25,Chinese Italian English German
220,qjthlj,inz$hiDZqe,ltm@yahoo.com,0,50,Italian German
221,irsgdpe,KWTsJGikyb,iubxpjnv@163.com,2,20,Chinese Spanish French English Italian
222,gngviw,HUqjFMt0kb,lwknicl@qq.com,1,19,Spanish English Chinese Italian German
223,ysxwj,mDP7N$QjEW,tuxgsuuw@gmail.com,0,52,English
224,sykcxv,Kju1L#qmTW,dhq@gmail.com,1,40,French Chinese Italian
225,iimwumm,0Nq9GtxHqB,piuhu@yahoo.com,1,22,Chinese
226,rwju,3p5mdlcMkP,sfrwj@qq.com,0,58,German Chinese Spanish French
227,gidyhmh,p#NcUXXAph,kplicpex@hotmail.com,0,46,German Spanish Chinese
228,zrcm,6g1e7Nt@ac,zbeesdgc@qq.com,0,39,Chinese Italian French
229,asgpaxu,cGV2soIKsO,lakeq@gmail.com,1,53,English Chinese German Italian French
230,gkqkfli,h41uFJVYCT,ouz@hotmail.com,0,54,English Italian Chinese Spanish
231,mrvdp,K1vA&t@P32,pepnpmr@gmail.com,0,19,English Italian
232,utvpt,7dWcR#CCVS,ysc@163.com,0,20,Chinese Italian English French
233,zpgsnmao,WJn7Yjfn%&,yvyj@163.com,1,37,Chinese German French
234,ulnxqfh,@FBMdXBTtb,igfhsu@outlook.com,1,38,Spanish
235,oxctbijt,yBMB7Yhy&g,zaibpm@outlook.com,1,40,French Chinese English German Italian
236,iqgf,0w%DxeICkz,argux@163.com,2,32,English Italian Spanish German
237,lrnycbc,BZAQO6SQ#F,kwlvig@163.com,0,36,Spanish German English Italian
238,edh,NkBT@@zF0N,wkxh@163.com,0,60,Spanish
239,mwhcex,i%IpUWsBzy,chvan@qq.com,2,46,Italian French Spanish
240,ibsv,PfHhrpQdc7,tfgvl@163.com,2,58,German Chinese Italian
241,wbytnutl,%G6WwhZiYo,gbqvduk@hotmail.com,2,60,German English French Chinese
242,jhhuimh,us0E$oo##a,blli@yahoo.com,2,58,English Chinese Spanish Italian
243,msulix,LJtIt%mFg6,jiicdqp@163.com,0,37,German Italian Spanish Chinese
244,bwoa,sBocPq8nLA,kggwn@outlook.com,1,35,French Chinese Italian German
245,rsnirrd,bubZ3dZ%Yj,swoc@outlook.com,0,39,French Spanish Italian Chinese
246,fokv,qdt2N%nsf@,fyzuukd@yahoo.com,0,20,Italian Spanish German French
247,uak,NQkfT&P8MJ,kmecxf@hotmail.com,2,24,French Spanish
248,qxq,cDteq4s@hg,brmsku@gmail.com,1,47,English
249,atbgzo,3tyDmFtnKK,ivytw@yahoo.com,0,20,Chinese
250,mgfsmidt,6cyqKzu0Ti,jayeanw@yahoo.com,2,50,Italian Chinese Spanish English German
251,hxwaiqjz,bBLxQWDoVr,lqr@yahoo.com,0,29,Chinese
252,rtmlalk,J6iIS@dsIF,apqmjw@gmail.com,1,38,German
253,utmoagg,AENprV0$IL,gscqqrz@163.com,0,58,German Italian
254,szwksg,LaRZNG3VN8,saqdoep@163.com,2,26,French Italian Spanish German Chinese
255,bdwa,A6W0GMPxFb,lia@yahoo.com,1,26,French Italian Chinese German
256,niizr,H%z%lLAVFQ,guhsjn@yahoo.com,2,29,English German
257,dqtlr,M8j3o&hOCJ,ozdmh@yahoo.com,1,39,German English Chinese Spanish
258,hobtk,dpz9CX4Qm$,torlpwfl@qq.com,0,57,Chinese Italian
259,ymkidej,%NtdGZXry5,vqxar@hotmail.com,0,21,Spanish German
260,mepz,6zidnh#Yn4,twf@gmail.com,1,31,German Italian Chinese
261,rfdtjp,io7@Zo9PP9,fwndqzde@qq.com,1,29,German Italian
262,srfgqjr,gNVw64UZtY,auyy@outlook.com,0,32,Chinese
263,lez,K%fwRnJObZ,boc@qq.com,2,51,Chinese English
264,mykqw,Wz8rRpvY$%,akw@hotmail.com,1,52,English
265,yauolldk,MxuE0h3BCS,umkio@163.com,0,37,German Chinese Italian Spanish
266,mlyv,qPkzU6@fQD,arssil@hotmail.com,1,53,French
267,ragr,Ek1KMiT$og,vaiwcew@hotmail.com,0,26,German Spanish
268,bmak,XaQCSRJilw,yuknpfgt@gmail.com,1,38,German Italian Spanish Chinese French
269,qlmmsbaa,bFeC0jA3zP,keg@163.com,2,52,German
270,xub,Om32@$%J$X,knqg@qq.com,1,60,French German
271,faaeylx,2hY5BLt3yL,rxfgjjp@outlook.com,0,31,French Spanish English
272,pkgtwj,A3grm9DZZl,kgax@yahoo.com,1,26,Spanish German French Italian
273,fzccgt,oCIz7nr%nm,ntzlj@163.com,0,25,Chinese Italian French
274,siq,Eo5bl%pBj@,selgtvb@qq.com,0,49,French Spanish English German
275,fpjmqop,XzMVhtnmAS,dixgp@hotmail.com,0,23,Italian
276,fvtmqaw,vkhuZF4v#z,pbqisl@hotmail.com,2,25,English Chinese
277,chlcqop,MncYDZXPum,gywu@outlook.com,1,51,English Chinese Italian Spanish
278,dwu,1lbDWnNr@m,xuayobl@outlook.com,1,41,French Italian Chinese
279,vwch,U2InhuR16r,pzz@qq.com,2,52,German English Spanish Italian
280,xvgt,HX74XZKpJR,pufissx@outlook.com,2,33,Italian German English French Spanish
281,vlwo,J5DTuP%gKs,veowcwfo@hotmail.com,0,27,Chinese
282,ecw,ZGDaN8fEkG,wldf@outlook.com,2,18,Chinese English French
283,egoscqv,xa17MS9OCL,wgeeg@yahoo.com,2,55,French
284,rrnhciq,cnMpnrO66x,jsm@gmail.com,1,32,Chinese French
285,ajextuc,dRuEPvMiu9,xhorc@outlook.com,1,36,German
286,qxeggox,cnKqfVuUvo,eynwvi@yahoo.com,2,42,German French English Italian Spanish
287,jarsfx,f3yJJCmr0r,yblcuiv@163.com,1,37,French Italian
288,wpx,haFSYpwPZs,xuhvgryy@qq.com,2,38,Spanish
289,ctnkq,AG162Fv$0o,kdewifac@qq.com,1,59,French Italian
290,zjortd,9SIKwGjppV,ltspad@hotmail.com,2,42,German Spanish Chinese English Italian
291,qvfe,G8md2RfZ&l,rlwmxlt@qq.com,2,55,Chinese
292,selkskcy,CFnGF@37Fo,tzizzhj@hotmail.com,1,21,Chinese English Italian Spanish French
293,xifa,Wh#j7B8QzH,djd@qq.com,1,41,Chinese French Spanish German English
294,upoeaz,WPj0M%I7$w,sxcg@163.com,1,41,English Chinese
295,oct,P1ijIe7$q%,wbawwa@163.com,0,45,French Spanish
296,hdu,eqE8OCGVI2,ypodcguq@gmail.com,1,51,Spanish German English French Italian
297,hwao,$n3BCl#xD8,nanmtgl@gmail.com,0,31,Chinese Spanish English German French
298,fqcttnhv,1w62gSbyIi,blmmb@yahoo.com,0,56,French
299,beweo,ob04&ZjyWJ,rzvruhmj@outlook.com,2,47,English Italian French
300,mzwln,@5vrSqX51U,ywnqb@hotmail.com,1,39,German Italian English
301,peieiif,2IQ4FU7xnF,xsradrd@gmail.com,0,43,French Chinese
302,xvdy,KPbmvU$xgU,qfv@yahoo.com,0,57,German
303,yazmw,ZrXr7kxtax,whlagm@qq.com,2,46,English
304,yxxkv,ovkGudZZWn,cesloa@yahoo.com,1,43,German
305,dgxqztsk,ftWnXE$gCO,vlcpg@hotmail.com,2,60,French
306,diwsdud,td45k4jGJ@,epsfwm@outlook.com,0,37,Chinese German French
307,gaevxpqn,HNeqUGB3hH,kdg@yahoo.com,2,35,French Chinese Italian
308,vyj,6MpZlM1lOJ,imrduhdt@hotmail.com,1,44,Chinese Italian
309,bzfprrp,0Sk97zt4XN,swzxonl@qq.com,2,53,Chinese French Italian English
310,lhey,Yg7e4darlc,ewuit@hotmail.com,0,53,French Spanish
311,bebr,xH3nHWjSAU,ghno@outlook.com,1,19,German
312,opvclu,e45H%7cKPJ,ejxlmxnr@qq.com,1,54,Italian German Spanish
313,zohxpim,n&cIo#mh4v,dcjmd@163.com,1,28,Italian Spanish Chinese English
314,ybgenvg,76RArMEyhA,mwjnjov@gmail.com,1,27,German Chinese Italian
315,yvbe,98h0VzlXRY,pjvq@163.com,0,18,German Italian Spanish French
316,toexdy,wC4429lrJR,uqdn@hotmail.com,0,22,Chinese English Spanish Italian
317,zoj,pZHt7akZJa,gajw@gmail.com,2,19,French Spanish
318,btattoy,%#X#LoNFO@,kzhhmt@qq.com,0,27,English German
319,ztgosmg,Y3Af4reF23,peynj@163.com,1,21,Chinese
320,vjd,$xGWYtM$H$,thcqmk@yahoo.com,1,44,Chinese Italian Spanish English
321,tbyzpyn,0naXeSpfsz,gqwia@hotmail.com,2,31,Spanish German French Chinese Italian
322,orr,@k20FOfWh6,izcfon@outlook.com,1,55,English Chinese Italian
323,owkt,H#fvYieXAE,rcnnin@qq.com,0,46,Spanish
324,ddw,oOxkzEm97e,oldqr@qq.com,0,48,Chinese
325,ejsq,H6KqqB3Qj3,pfvcfrmo@163.com,2,38,English French Italian German
326,xhpi,xED0yQL54@,ymxij@qq.com,1,51,German French English Chinese
327,pcaargq,M5xvPzNdl5,szdqwrc@gmail.com,0,58,Spanish Chinese German English
328,ljjzuiu,A2jdY1NXSI,hrjp@yahoo.com,1,55,Chinese French English Spanish Italian
329,bzcx,@rCAk1MPag,owc@outlook.com,1,54,Italian English French Chinese German
330,bnccql,rbvs$FhSso,upjyd@163.com,2,21,Italian Spanish
331,dcogds,QYJW2Cmm01,xbi@outlook.com,2,21,Chinese French English German Italian
332,rwyzoqgn,d%n@qrSlJE,cpatrpb@163.com,2,36,German Chinese Spanish
333,pnure,WnXNLcOg6o,pxc@yahoo.com,1,30,German Italian
334,tguug,ktBkZeyuhW,ohy@yahoo.com,0,24,German Chinese
335,npmnp,$mVgnEmOOM,abqvo@gmail.com,2,48,French English Italian Spanish German
336,eihi,J8DrHXP9dF,rlr@gmail.com,1,19,Chinese German English
337,nsmnmfpi,aFvz%X&mM$,ixpseioq@yahoo.com,2,36,Italian
338,yjw,5V&FmusSFA,whlmuc@qq.com,2,52,Chinese
339,npmhr,ZhBmvie52b,gqs@yahoo.com,1,55,Chinese Spanish English
340,liqzz,DYqHdm&CsT,hmoc@hotmail.com,2,18,French Spanish
341,btend,GK2hyGSmP#,wnwp@outlook.com,0,54,German
342,zuwsypix,DD84Ydqe4m,xolt@gmail.com,0,19,Chinese Italian French
343,rmhuv,mlh$Jqlt4t,mdio@outlook.com,0,43,Chinese English
344,zoa,yJ%qb4Uhp%,kzxgi@163.com,2,56,Italian Chinese German Spanish French
345,wcekw,U#P&FWjTZO,hgeyers@outlook.com,1,58,English
346,yhvlbs,15#vTaHmqr,ghmnkra@163.com,2,25,German
347,sasnnszh,TVwFn#Xqxl,mriqwoj@yahoo.com,1,48,Spanish Italian German English
348,spzkvnf,aYZPLW59cY,vriyisq@qq.com,2,30,Spanish
349,nzc,e@Vbs0R39E,ncfiljj@gmail.com,2,33,Spanish Chinese German
350,wrcdkhxq,B8CxlWGujF,nws@yahoo.com,0,41,Chinese French Italian
351,uthvg,7i4ZAvdTAK,knhw@163.com,2,60,English French Chinese German Spanish
352,sharsvro,e6grKteV6@,adpz@qq.com,1,38,Italian
353,cebxa,Gvon7k4JI5,zczrnv@qq.com,2,26,Chinese English Spanish French
354,dnhxc,QH2v%GhH9y,ysq@yahoo.com,1,34,English Chinese French
355,vzepgwzn,4LL9TNSE&3,dgdwhrm@yahoo.com,1,59,Spanish German Chinese
356,nqkk,&t67w540Gr,hrbdp@gmail.com,2,57,French
357,gcdvrcv,v6cPB7jeUN,nowzkhy@outlook.com,0,29,German French English
358,ldqwljqf,PbThJK7167,enneyakr@yahoo.com,0,54,Chinese
359,lhrrm,ALc6xboWTv,dwpequoa@gmail.com,2,44,Italian French Chinese English German
360,qkpfoie,XPgIPlXFm6,myoworv@hotmail.com,2,43,Italian English French Spanish
361,sogzgn,knrZTnodcJ,swbgtzti@qq.com,2,58,English German Chinese
362,lwb,Bjb6WDH2mv,mvgfuf@gmail.com,2,44,Italian French Spanish German
363,hvfllrdo,1PIxgClAi6,gjjs@outlook.com,1,56,Italian Spanish German
364,uzj,sgb3&P$bJ9,ugew@163.com,2,23,French Chinese
365,ihocdko,Ni5Sl&ZF7m,hosp@outlook.com,0,59,German English
366,hxyaizsu,mEvZfm%ofO,bzdn@qq.com,2,25,Italian Chinese French German
367,wsipzoi,zICw%KS3gf,lsl@163.com,1,34,Chinese Spanish
368,tifqg,DljrKDA&ZT,aywe@qq.com,2,37,German Chinese Spanish Italian
369,ejqmizhd,Fzk#ufXCPg,kqb@gmail.com,2,57,German Chinese French
370,vgoqegir,flVy$ajIM8,mmwe@yahoo.com,0,48,French German Italian English Chinese
371,swx,0ygchLWk%S,oyaeup@outlook.com,2,51,French Chinese
372,iub,bEjivy%6iW,obke@hotmail.com,1,35,Chinese English
373,glcpcm,MsfKPkrd3Q,dkbjghbl@yahoo.com,1,45,Chinese
374,rqxivt,%3duPCPTHN,qwzsuy@qq.com,0,22,Chinese
375,ektuledm,wFGu%eJYiM,dljos@qq.com,0,37,Chinese Italian
376,icwyzztz,fvjnhHiRak,bhmlpiav@gmail.com,0,27,Italian French English Spanish
377,rwbotisr,aeNxkz$ydd,mlfdisy@qq.com,0,47,Italian
378,pukfxn,x$jRh1ythO,hnktpt@gmail.com,2,18,French Chinese German English
379,vkrg,rqedFaL3wt,brczpunq@qq.com,2,45,French Spanish English Chinese
380,nhbpxro,zBw@pqejln,jqmjkjjl@gmail.com,2,60,English Chinese
381,xnjakd,g@eIa0VaCT,colvqhp@qq.com,1,31,Italian French German Chinese
382,fktqsqmm,5JBbLv%Y5i,jbfuq@hotmail.com,1,34,German
383,ueskjyjc,I0XwZ3PsXK,kcgmedur@gmail.com,2,60,French English German
384,hoovge,Z3X28nmcF#,ixrbm@outlook.com,1,52,English
385,eioi,1WdisRdU#T,ddkcqfib@gmail.com,1,22,Spanish English Italian French Chinese
386,ivuojr,%d%X6Ac7f7,jnmum@gmail.com,0,50,German Spanish
387,ppebmy,AcPvGaxR@R,hypxa@gmail.com,2,33,German Spanish French
388,wiunp,QTcmd2sDw0,rrhugk@163.com,1,50,Chinese German Italian
389,mmrv,HyPvR5drQz,imvbqnto@hotmail.com,0,53,Italian Chinese English French
390,nmhg,UDMGEFPwhk,srbvytwi@gmail.com,1,49,French Chinese English German
391,rzwx,6KFUk&Cuft,cnut@163.com,0,47,Spanish
392,guljeie,#KFn&mgu7f,alzoa@outlook.com,1,40,Chinese German French English
393,maepno,JnxpIFP0Vr,ruzpklc@qq.com,1,48,German English French Italian
394,ygiflsv,#11sRB4OY6,rws@hotmail.com,1,33,Italian Spanish Chinese French
395,mtcr,7%EPDN0gJ5,muypcjcd@163.com,1,37,German English French
396,niexa,Q4e1i37uqr,azoqd@gmail.com,0,33,Italian Chinese English
397,xghcekp,FtEG0iz5dA,bhojyoeo@qq.com,0,35,English Spanish Chinese German
398,zvfpa,LC8FDU77ou,dkxrstj@outlook.com,0,23,Chinese French
399,kiq,2i3ypuWOeB,rbdxk@qq.com,2,20,German
400,glzaept,6Y71@#ZTLH,ywnzz@outlook.com,1,43,English German Spanish Italian
401,rkunuc,yx#s5vtvF0,qfiqm@qq.com,0,54,Spanish Italian
402,otzrko,zAL6qoXr2z,rhvxhy@qq.com,2,54,Chinese French
403,jkuhgqo,Uvv5WgQuq6,tpmnmmj@163.com,0,38,German English Spanish
404,qfqvxuw,nlhbb$%omJ,zwwegtz@hotmail.com,0,60,Italian English French Chinese Spanish
405,nmar,BRZ@uC@s61,jtlwx@163.com,0,21,English Italian French
406,imrogj,3M3KkHJK#A,yos@outlook.com,0,46,Chinese German Italian
407,jryi,FxhHpXWBuf,upyuxm@gmail.com,2,36,German
408,ptpa,Cg10WYVr42,kupqn@163.com,1,40,Spanish French English Chinese German
409,dpi,lpA$apX5qE,qoar@hotmail.com,1,44,Chinese
410,dxyjaq,3Ftz5eAMb1,avazwd@163.com,2,56,German Chinese French
411,yrnee,EL7NbovVd2,wjdjmx@gmail.com,1,37,Italian English
412,lgfybiph,rs&AtG7#DT,qalq@qq.com,2,60,Chinese German French English Italian
413,wcnw,%8Dpjbp5IH,gaba@gmail.com,0,52,French English German
414,idqyuvp,P9xilGTVrp,tmmakqc@hotmail.com,1,33,Spanish German English Chinese
415,glgf,YUDcVl5XG%,uuwic@outlook.com,2,46,German English Italian
416,kpwcc,60IDgh0c%@,ivhfic@qq.com,0,37,Chinese German French English Italian
417,ywkwgr,Yzrxyzdglx,ijcyi@163.com,0,31,French Italian German English Spanish
418,weifxpqp,Xype4l2OiJ,oamfz@hotmail.com,0,35,Chinese
419,liev,PkcHa9gbun,kvzmxqm@yahoo.com,0,28,German English Chinese Spanish Italian
420,ause,V@x&7B81qf,waxmrxdh@qq.com,0,32,Chinese Italian German Spanish
421,cgkyxfks,UzcvpqND8p,mjdu@yahoo.com,1,19,Spanish English German
422,eca,dTZSeObY7x,yzhulwp@outlook.com,0,39,Spanish Chinese English
423,kzscr,wcnlkynKBv,bpygi@gmail.com,1,22,English Chinese
424,iui,CZ@&iwDO#9,hbttzgq@gmail.com,1,21,Chinese
425,ypbls,DWvg@zKChl,kra@hotmail.com,0,38,Chinese
426,vyamk,jc#6zj@bw0,vddject@outlook.com,1,48,Chinese Italian
427,kyydtoah,vKic#dpCe%,xkrtoppq@hotmail.com,2,25,Italian
428,hqmr,iWSDE8Kl5$,lhtbkvge@hotmail.com,2,31,French Spanish
429,dnccse,5aqiUPpD3z,rgg@hotmail.com,2,56,English Spanish French German Chinese
430,awb,A7n$aRXMSK,frglimrj@qq.com,2,49,French English
431,cogafak,H&fc@yAiRf,yzif@qq.com,2,36,Chinese Italian French English
432,hlx,%rB8hPavAF,nro@outlook.com,1,43,German
433,boybyl,O#dy2FFTvw,dosbsa@yahoo.com,1,36,German French English Spanish
434,qeo,yqbmJa2%6i,lev@outlook.com,2,58,Spanish Italian Chinese German English
435,goknu,rIstedyq0x,dmbu@outlook.com,1,52,German Italian
436,vqzfhlr,J@mxiEnx@V,geuiy@163.com,2,46,Spanish Italian German English
437,pfozuqhf,8hTSKe%Qe2,ltu@163.com,2,21,German Spanish Chinese French Italian
438,nzpfz,wgC@HASTUK,ooqtm@gmail.com,0,24,German English Spanish Chinese
439,ozektg,ks1hhV1ED5,fxnubfo@outlook.com,1,58,French English Italian Spanish
440,omo,0JqJ1tMjcK,peieb@hotmail.com,1,38,Italian German French Spanish English
441,dqkvct,o9VCJq#&jV,izog@gmail.com,0,23,Spanish English French German
442,krfqxm,BQ$Q3V9AkU,lxl@outlook.com,0,56,German English Italian French Spanish
443,itg,tEYLg#H8PY,wwmzzjpb@gmail.com,1,38,French
444,uiqwje,x97&60uiAO,dayypvk@qq.com,2,44,Italian
445,twi,sAyISYodWz,lmi@outlook.com,0,52,Chinese German
446,qtw,gr#FakjYOV,eiphj@163.com,2,19,German English Spanish
447,jalqbh,G66jFA4q#L,byb@gmail.com,0,18,German Italian Chinese Spanish
448,bybgb,$e96GGZ2XP,xkm@hotmail.com,2,24,German Chinese
449,vucbwr,7utJ9WP%BH,fiysi@qq.com,2,47,Italian
450,wkawoaas,&D3wzjzOgG,uxf@hotmail.com,0,59,French Chinese
451,frteb,$NZmb3DMon,hdhfruer@gmail.com,2,19,Chinese English Spanish
452,slgnpi,fPSOCr@j1R,curh@163.com,0,30,Spanish German English Italian
453,mziiq,&OQZeBGZXv,xpsoi@outlook.com,1,43,German English Chinese
454,zyuv,xFcK5r0uGQ,ufgv@hotmail.com,2,32,German Chinese Italian
455,xkwvqp,r5nKMi0Zpz,ztjbkwn@qq.com,0,37,Chinese French English
456,cpceshar,zdfWpZHAwm,zbpprg@gmail.com,0,32,Spanish
457,rigxdmpo,bsDfVi#Nu6,drvcy@hotmail.com,2,31,German Chinese
458,orw,@dUdu4l9Jy,lhmosc@gmail.com,1,18,English Chinese Italian
459,eowvczd,F2UOiNiAg8,bgmfjwpd@hotmail.com,0,42,French Chinese German Spanish Italian
460,buyjjm,BDDT9b012F,szelpwly@outlook.com,1,33,English Chinese
461,ttf,B#z#YMhKZt,fkfsox@yahoo.com,0,47,Spanish Chinese German Italian French
462,eed,zXZrFm3Jfj,vnbudjs@gmail.com,1,47,Spanish Chinese Italian French
463,bqcgceb,or2$1bhd0k,rczsgkrw@gmail.com,0,54,French Chinese German Italian
464,uvlthrlv,XKS7MnXOvS,ncba@163.com,1,34,Italian English German Chinese
465,hmmb,M4Tiq9qW8S,ewiaayck@gmail.com,1,60,French Chinese German Spanish
466,mdj,i2UB%@86cn,lkid@outlook.com,2,39,English French Italian Chinese
467,qwatocfc,eo@OYhgoTU,brlbh@outlook.com,0,23,Chinese Spanish English German Italian
468,jkiu,58i#XgmBbR,wpgwlgy@163.com,0,43,Italian German Spanish
469,gvjtms,Ha4T7RFg3R,auxcso@qq.com,1,26,German Chinese English Italian
470,pltxw,pcrBO8lWbN,azhjm@yahoo.com,1,28,English Italian French
471,wexlzf,fWMbBE$lgK,khr@outlook.com,0,57,Spanish German
472,jvozeg,imCyRnq4ZW,ogvkr@outlook.com,2,44,Spanish
473,opjz,pG8milw3Sd,yfrngwmr@outlook.com,1,40,Italian Spanish English German
474,jmi,NEOuxLncfX,itnri@gmail.com,0,53,Spanish German French Chinese English
475,jvqan,k6WGVUrlVW,xawbaizl@outlook.com,2,36,English Italian Chinese
476,hkkd,T9oVOxYHxq,zuyajfq@outlook.com,2,34,English
477,wdnojfr,SpMm$bdwYP,zpybuh@yahoo.com,1,28,Spanish French Chinese
478,rqofg,RYOhBB0cS&,xdo@yahoo.com,2,42,English
479,amubxd,a6wbvB6TOk,eta@yahoo.com,2,24,Italian French English German Spanish
480,hiq,0PU5NMsbw2,xzq@163.com,0,47,Italian Chinese German French
481,nlld,HInKj0t19g,xyii@yahoo.com,0,35,Spanish Italian German
482,wpdk,Mt%G%SokXi,pmqqao@hotmail.com,2,47,Chinese Spanish French German
483,poqrxl,MKO%8A#Ul#,xdtiag@hotmail.com,0,46,German Spanish
484,ibvudla,H$LaGJe8HT,lyfjs@yahoo.com,0,43,Spanish English German Chinese Italian
485,zukwhn,NWO78&LhQa,qunwvwtn@gmail.com,1,23,French Italian German
486,wkepyrb,di@3766XmR,ngnexr@hotmail.com,0,19,Italian
487,tgjiv,sfL@OUUxzb,wwalam@gmail.com,2,55,French Chinese Italian Spanish
488,dxf,dzhMH&9IKH,htf@qq.com,1,21,Spanish English
489,xiqdq,TpX0Yy5RiS,kgthuld@hotmail.com,0,28,Spanish
490,sbnqxz,jkH3bkAZPx,lgburrxa@gmail.com,1,29,Spanish Italian Chinese English
491,fsog,&R1qc8VVRL,bsbrx@qq.com,2,59,French Italian Spanish German
492,ueplzwvz,H7t%h5$DhE,uwbej@qq.com,2,33,English French Spanish
493,oiqg,dRib%XG9Ay,xnjlrhbp@gmail.com,2,54,French Chinese Spanish Italian German
494,skhtwo,PJjzlp%Wvl,abcrc@163.com,2,48,Spanish
495,ujxbkr,aoP%KeHO$P,kpxera@outlook.com,1,37,German Spanish French
496,lgc,Z9pxcHCgX3,lpqtsbnd@gmail.com,1,40,English
497,iewnbflg,fWbKLRH5eG,qfuji@qq.com,1,58,Chinese Spanish
498,ojyanu,TwMGIvPr1x,auvgo@163.com,0,46,Spanish English
499,ylxy,8bwfpMF@Ks,gqftqs@hotmail.com,0,46,French Chinese English Italian Spanish
500,hfdzz,6KnV0vdxFz,xresv@hotmail.com,1,53,Spanish Italian
501,ebdy,uSt7XtvgIv,grsislx@163.com,2,30,Chinese Italian French
502,likc,m#tflBc#M7,lvzx@hotmail.com,2,56,Italian
503,ufy,7SwCWo&wzD,cpz@163.com,2,27,French
504,fmvrm,oA%0zMn5mm,jghtt@hotmail.com,1,41,German Spanish Chinese English Italian
505,ywxue,RxM$hmzx3K,crgci@163.com,1,27,Chinese
506,dlrft,cc7wz$DG2L,xqpcy@yahoo.com,2,48,French German
507,gdb,5Ba5UyvOWI,fhq@qq.com,0,42,Italian French
508,ccuvj,X%V5P3B3#N,tntfcvpf@163.com,1,43,Chinese Spanish Italian English
509,mheeigc,OMfGiYoUwy,xdhcj@yahoo.com,1,50,Spanish German
510,juip,Cq0#w&TfQ$,ieeadjx@hotmail.com,0,47,Chinese French English
511,exdb,D1Ig@9zuq0,ynqcq@outlook.com,0,24,Italian Chinese English German French
512,eiausxjo,uy#JpAG7XQ,oaj@yahoo.com,1,23,German English
513,lihfh,cw%Uk&OUOV,wdqvneiq@outlook.com,0,51,German Chinese
514,hiowzv,WD0vXRdvEH,zsv@yahoo.com,2,41,Spanish Italian French
515,dbudf,uhO6fFdlGP,oufk@hotmail.com,1,38,German Spanish French
516,sckr,U7zUKvwy4s,zagqq@yahoo.com,2,25,Italian English German Spanish
517,dvrq,f&F4%2mQhv,pmcdegs@hotmail.com,2,49,English
518,tjy,ZapCAsId5e,mty@qq.com,1,39,Spanish German English French
519,qpka,rlltRS&wkj,fqx@outlook.com,2,18,English Chinese German Italian
520,ovdoedf,s7jq2aEy3g,popmyvln@outlook.com,2,52,Spanish German English
521,ahdemjuk,BGJ#EFlI9M,zuqfw@163.com,1,48,English German French Chinese Spanish
522,idofy,1rGupzb@Cz,qkaptzks@qq.com,2,33,English French
523,rmur,&rcKLW5I63,gpcly@yahoo.com,0,45,Italian
524,kcrubag,yKd6VxSLjQ,yylumy@gmail.com,0,32,Chinese Italian Spanish French
525,roxvgya,ZVGlNmWqeD,cotgihvl@outlook.com,2,30,English Chinese
526,cfc,ncutCHdRJT,yhuppje@yahoo.com,2,57,Italian Spanish Chinese English
527,kuev,60Kk38ZFGK,ejimbp@hotmail.com,0,45,French Italian German English Spanish
528,ana,wpWp3Xw9Ya,spmqqqij@hotmail.com,0,36,Chinese Spanish
529,mvbtpjq,j6Miii3kMh,fufmenl@gmail.com,2,57,Chinese German Spanish English Italian
530,xlh,PU723Wem6c,rzlvdu@163.com,0,58,German
531,lsujpoqe,l6c00jAnhq,fnycyve@gmail.com,0,26,French
532,hmvkcbm,WAvZ3UtchV,aggafos@qq.com,2,31,English Spanish Chinese
533,iaosjs,USvaANaIlU,izsgcqx@hotmail.com,2,19,Chinese French English
534,yqgf,jiDynioTy%,iwryh@yahoo.com,2,41,English German
535,fctq,t4URVmB6zU,wdqaenv@yahoo.com,0,23,French Italian Spanish English
536,xqedvyc,DIk&AFI3cT,kmobceui@gmail.com,0,48,German French Spanish English
537,bhdcba,xWGWJACdYD,qsk@qq.com,1,59,Spanish Italian German English
538,cxk,0Q%coK&TIs,ihckt@outlook.com,2,60,Chinese French German English Spanish
539,xdpeosj,zuF0D#x1Yd,sbkbz@163.com,1,51,French Spanish English
540,pxgr,qrV1lmQiBM,pdlxvpc@gmail.com,0,28,English
541,bphelb,hO%KI7rVuF,ftalgubd@qq.com,1,18,French
542,gnelp,mB#Q8sHxc%,qingoowl@yahoo.com,0,52,German Italian Chinese
543,jzyr,BIsL5vdjqd,gsfsj@hotmail.com,0,33,Chinese
544,wgwlheo,yeX$78mHPc,ylfsscwh@outlook.com,0,58,French German Spanish
545,htqz,Jbcz&rpmY$,faydxqux@outlook.com,1,23,Chinese French Italian English Spanish
546,zrunwl,1eH1NSgjQU,mpmvr@gmail.com,1,35,English French German
547,gwqaq,pA2mDng&3k,seha@gmail.com,1,56,English Chinese German Spanish
548,dooy,TztMKi&HCK,egpfdrwg@hotmail.com,2,39,Chinese Italian German English Spanish
549,lhwiwy,Bb3uBUqF8q,dowmp@outlook.com,0,27,Italian German Chinese French English
550,mojg,NvAzfxeB7j,xsepovr@outlook.com,1,19,German Italian
551,nfm,OBY$1OsGe8,inov@yahoo.com,0,24,Chinese Spanish French
552,not,D@qW&%adIh,cfhrag@hotmail.com,1,35,French Spanish Italian Chinese German
553,qvxtzsu,uhyWF9DH9n,patpl@hotmail.com,0,35,Italian Spanish
554,gpkm,lMWxIvk5Ja,pqjvhna@gmail.com,2,46,English French German Chinese
555,cgggn,1%8%zS7Cwf,fjis@outlook.com,1,47,Italian French German
556,qkoraza,N#8C6Rb8pd,akwfrcf@hotmail.com,2,25,Italian Spanish French Chinese
557,mcuut,Q#eo@bpr%p,hvlagxh@qq.com,2,30,German Italian French Chinese
558,cpb,8I7IJ7qQyk,tchi@yahoo.com,1,55,French Chinese German
559,vunvb,pEZs5FkBpz,bbvj@hotmail.com,0,47,Chinese
560,zcgijdh,p#Cityrznb,mkmc@gmail.com,0,56,English Spanish French
561,ise,UZcn3GalpC,sjmnpbm@qq.com,2,59,Chinese
562,yxre,f2W%%p9dNX,ugfuwnpj@outlook.com,2,36,German
563,oyucorqf,EyvJ5fTe4X,oxg@yahoo.com,0,40,Italian
564,gwv,ucPp4s2Qxc,bumrbi@hotmail.com,1,27,German Chinese Italian French
565,jeig,Gf1SrxAlj1,axtrty@qq.com,0,56,Italian
566,xaq,Mas5eppazn,pft@outlook.com,2,42,Chinese French
567,mwrle,31QkdfTgMy,xbumbdq@hotmail.com,0,45,French
568,yrid,40toqiQk#@,ohudm@outlook.com,1,26,Chinese Spanish
569,okqfqt,EdqrXQmqXi,auruvidn@163.com,1,45,Spanish Italian German
570,zpfshff,5teLHePwGB,xkmujsjn@qq.com,2,34,French Spanish German English Chinese
571,ssjnmik,DKmcvGiAqr,hygnf@yahoo.com,0,28,Italian Spanish English German
572,bkcq,KyXiQ72V6I,vqbbr@qq.com,0,19,Chinese German English
573,aevlyd,fH@VZzYBc6,plgqptjh@yahoo.com,0,32,Chinese Spanish French
574,flabzdrk,EkGWFZ&XHi,ropvy@outlook.com,1,40,Spanish Italian German
575,yuaztws,NQSMIw&hb2,ilfrot@hotmail.com,2,33,Chinese
576,kdg,2@lbOUfzp%,aqg@163.com,0,34,English German Italian French
577,mlwn,qEcV4HcMgA,gfbr@qq.com,1,31,French Chinese English Italian
578,hifoyv,kgnkprk4AD,bxqt@gmail.com,0,55,Italian Chinese English French Spanish
579,pvpu,MSV7p6PyUq,igisk@qq.com,1,37,German French English Spanish
580,jnsx,c3#D5Nlf@j,wrho@163.com,1,33,French German Chinese English
581,xalhtpi,LvqRxDkbuO,rfr@gmail.com,2,42,French Italian Chinese
582,ake,%xAi4q1o6g,bbnzzt@outlook.com,0,31,Italian Chinese
583,uln,gZ3I8Bn9MF,aaxwwkp@163.com,2,58,Italian English Spanish
584,luictpcy,fjoTcGK39G,dbfvhyp@qq.com,0,32,Chinese German
585,zvqxsc,hlIkm%1re#,nowrwgl@gmail.com,2,43,French German Spanish
586,ciyzxos,ofVE93UUB1,igl@gmail.com,1,39,Spanish English Italian
587,apybu,ts1%h3VXTO,cqfdka@163.com,0,35,English Spanish French Italian
588,rizzd,zfn&O1GCyL,pqfq@qq.com,0,57,Chinese Spanish Italian French
589,tqmmvrk,lvS4mSSrMU,hjez@outlook.com,0,44,English German
590,fpop,3DOW@d4kgb,yfzkty@163.com,2,42,English German Chinese Italian
591,gvjj,#9z9QjXcf#,pwrsdzd@qq.com,0,37,German
592,fxktwj,x0nPVWs$3A,uzelh@outlook.com,1,42,French
593,kltgix,sJZUMB9LIg,fuprdltu@163.com,1,57,Chinese Italian Spanish French
594,twlkwqqk,P5MQvhu7r7,puuyn@163.com,1,21,Italian Spanish Chinese English French
595,xeadssf,OGpK%Ainw9,uci@yahoo.com,0,58,Italian French
596,dhshj,u1AL%mVVSN,pfosnch@qq.com,2,54,Spanish
597,qvcpor,SB448lwfp5,lsaiqzvv@163.com,1,34,Italian English
598,oqkwgvn,#zTwIlUE#H,mfttt@gmail.com,2,24,Chinese Italian French
599,mlimjax,b%&Nf&fqf0,ledi@hotmail.com,2,60,Italian English German
600,adnaqk,pPzDNpxUKP,gbuink@yahoo.com,1,45,English Spanish
601,juyhx,1d&KrZCLtk,got@outlook.com,2,29,Italian Spanish German French Chinese
602,dgwlfqxc,U8tt6@A&7D,imbiro@qq.com,2,55,Italian German
603,ovdazjn,MIr1MouXr0,fvslqunw@outlook.com,1,54,French
604,tnpzdpjd,o#Y9hwribg,iouuzq@yahoo.com,1,25,German French English Chinese Spanish
605,ozduaul,kXwtHd8bai,ldraxsap@qq.com,0,46,French Chinese English
606,hpvyzpj,QtC355ImYk,incfncl@hotmail.com,1,25,German French English Spanish
607,adbb,Vx5GFQQR69,ztlyx@outlook.com,2,23,Spanish English Chinese
608,hyn,FRPtQ#oPB&,mday@gmail.com,0,35,English
609,oxcvwtl,fxAKB@NAEu,mhgp@hotmail.com,2,39,Italian
610,fcmw,zWYZBGAoTV,aei@qq.com,2,41,Chinese French English Italian
611,bmjyn,ZbCX%E0e4G,nqtf@yahoo.com,1,42,Italian Chinese
612,hnquwaer,X@ISnGSTMR,nwkto@hotmail.com,1,25,Italian English French
613,xrf,Uxuy&j7@kb,cbi@hotmail.com,1,54,Chinese Spanish
614,ginokiik,NrVC&H2RbI,ybpprbp@hotmail.com,0,46,Chinese
615,pstwwv,6Kh2nsvp&A,lewhvxwg@outlook.com,1,39,Chinese
616,ovsduxdc,LMkeCneamX,kfdv@outlook.com,0,44,Chinese
617,xjdm,$%b2pPjuqJ,jmsoaq@yahoo.com,0,26,English
618,ufnq,w$ghf@PnuT,uvzavdfx@qq.com,1,21,Italian German Chinese
619,yrjcmjvf,Hrn6KdlCb@,erazlt@163.com,1,55,French English
620,mjij,MRNwEjFuZD,zcob@gmail.com,1,34,Chinese
621,cjcsz,ajDzz7ySNf,kpxh@outlook.com,0,60,English French Italian Spanish German
622,dad,rmbim5RS%d,jkipzrs@163.com,2,37,Chinese French Spanish Italian English
623,hscb,INBqudkD&a,nxwnnvje@hotmail.com,1,26,German Italian Spanish English Chinese
624,qoqvuw,U8BWQOEl6v,lydaw@hotmail.com,2,44,Chinese French German Spanish
625,zotqcx,saS&sFixn$,sgg@hotmail.com,2,46,French
626,fyovlm,#s1aCx4DR2,ezjr@hotmail.com,2,48,Spanish Chinese English German French
627,mcgs,9K#8VvjEg@,fyl@hotmail.com,2,44,English Italian
628,bkmnkww,$dMzKdBuvi,ctps@outlook.com,2,25,English
629,xviom,Yn@APtToDU,ulkua@outlook.com,2,54,English Italian German Spanish
630,gnas,PT9D8hv51@,oczbmk@qq.com,0,46,Chinese Spanish French
631,plerot,%f%QktxWZ&,cfuiezmm@yahoo.com,2,33,French
632,nyauqnb,aCiACy9Og8,cihacv@qq.com,1,38,Chinese German Spanish English French
633,rhy,OAbU%u%2Wk,gwm@yahoo.com,1,47,French English Chinese
634,ckvu,TSXo&dUCOu,unlry@gmail.com,2,25,French Spanish
635,xpria,TY3DVKQBNK,gvuq@gmail.com,2,50,English
636,onjkegf,%3QU@64hYW,ltqnf@outlook.com,2,38,Chinese German
637,wud,bBUQ$OYwTG,npmn@hotmail.com,1,41,English Chinese German Italian French
638,ojpmf,O4S%TUgzTs,icekhbwp@163.com,1,41,Chinese
639,qrxnfto,AizXrK%24h,jftfzkig@outlook.com,0,58,Italian
640,gkhtlpj,1gHGcAi8up,yzvdzv@gmail.com,1,35,German Italian French Spanish English
641,gtvlo,V2xAZkJQIh,ixdsidel@hotmail.com,1,43,Chinese French German
642,pmtvoz,GG&2oOb735,vgpjak@hotmail.com,0,21,Italian German English Spanish
643,twa,T4vyeGBdLR,vaepyk@outlook.com,1,24,Spanish French
644,bkhwgw,woz79@EFFP,ynadg@163.com,0,36,English Chinese Spanish
645,hlyo,&W5fc9O4S0,udbfba@163.com,1,41,French English German
646,uhwn,XEWde4psh4,dabwb@yahoo.com,2,39,French English Chinese German Spanish
647,iih,LqN9cfJ7%G,imfpc@163.com,2,41,German Spanish English
648,dbmtpecp,YWLgAz7utj,jhujwcu@yahoo.com,0,56,Chinese German French Spanish Italian
649,kgm,rxs5GlnlA$,wiivhi@hotmail.com,1,56,French German Spanish English
650,sbpfrfi,drf7fJIxt&,znmo@outlook.com,1,25,English
651,isftdde,mdj5NWkJAI,cfstpv@163.com,0,48,Spanish Italian
652,cshx,v3X@&G$2pn,ahbatpxf@outlook.com,2,55,French English German
653,tfaze,WeiSzcgze0,ttolp@gmail.com,2,27,Spanish French Italian English
654,niauqi,sobg84WjAY,wfycpww@outlook.com,2,18,Chinese Spanish Italian German
655,appvzkd,YLqqJH%ZPS,kajiy@163.com,1,28,Chinese German English French
656,hehij,9vbBnjWzgd,jbexbbdi@qq.com,1,29,Italian French Spanish German Chinese
657,salhtl,fAQ3b5Xy1o,ljerri@outlook.com,0,19,English Chinese French Italian German
658,gjxei,K8RPGNK3Bl,aldsrnxp@qq.com,1,43,French Chinese Italian
659,myeehtf,lSw2DwW#29,uqpnfis@163.com,0,36,Italian Chinese Spanish
660,dusttl,21C@wP&ZmI,bljsafi@hotmail.com,0,48,English
661,xeyt,TPyYV6nw#B,gtnd@163.com,2,32,French
662,crjbjdcq,YHOmgxkB3@,exe@gmail.com,1,42,Italian French German
663,ayymaiu,xNGhWqLiSx,xdarjz@hotmail.com,2,55,French English Italian German Spanish
664,ymqech,4$NAg&icup,tdlz@gmail.com,0,21,Chinese Italian
665,lpta,X4Tt$Ximyc,golcc@163.com,0,51,German English Chinese
666,hdogr,EeR9jF@4qN,lriz@qq.com,1,53,Spanish Italian
667,vqanchdf,WfdTvo&N5H,qagcoiu@yahoo.com,0,24,Spanish French English German Italian
668,lvmu,FuNHCi4kUo,rbx@163.com,1,47,Spanish English Italian Chinese French
669,lgsuv,c5QgyQbssq,cdgglk@qq.com,1,45,German English
670,vvz,ZO$HSkmW1u,mrazwyx@yahoo.com,2,56,Spanish German Chinese French English
671,sbtly,bI6mUJ64Zp,nwikch@yahoo.com,2,34,French Italian German Chinese English
672,gmarll,%itHgX6jsQ,hhdzt@yahoo.com,0,25,Italian German
673,uvphmi,otYVkU0tqq,fpbteil@outlook.com,0,34,Spanish Chinese French
674,qoq,xY@u5HLkv$,hwmlikd@163.com,1,32,Chinese German
675,klhqtw,g9otzdpKI3,iwb@outlook.com,1,41,English German Spanish French
676,fkob,g3Laa$ty8c,vurgyaty@163.com,0,26,Italian German Chinese English French
677,bhxezewk,#3S3LiE&lj,gsedgk@outlook.com,2,37,German
678,djnm,VzS$yF7bSN,uvbrvf@qq.com,0,47,Chinese English French
679,qtyxyp,XyEsNc9HQF,arbhoaf@gmail.com,1,48,French Spanish
680,xzfot,3odmADdAJ9,ryrwz@outlook.com,1,43,German French
681,eiypoq,$M@Qsy#fZX,gpg@163.com,1,24,French Italian Chinese German
682,xkxe,YCOJLtivbr,lrsz@qq.com,1,19,Italian
683,pwybh,WDtQ488u9A,hodfjjrw@yahoo.com,2,18,French Italian Chinese Spanish English
684,gmqjv,0F%NE0Uy&a,oqqbd@gmail.com,1,29,Spanish Italian French
685,lmpdg,Wv&KBST9Sr,cgzirm@gmail.com,1,28,German Spanish
686,msy,59&wKRe6Tb,nbqvhwgo@qq.com,0,27,Chinese English
687,qixmoqoc,myP86X@WWA,vano@163.com,1,23,English Spanish German Italian
688,wxcaf,$%G3Fk4&Qg,ajie@outlook.com,0,46,English Chinese
689,pmbkg,xLsMXfGxpH,ucbzj@163.com,1,23,English German Chinese
690,levzhvk,7Wpnyh88A@,evqpc@outlook.com,0,20,French English Italian
691,sbo,S$@$$ncKCW,anolans@gmail.com,1,59,Spanish French English Chinese German
692,uuewo,ptomrQAdik,eedtxn@163.com,2,44,Chinese Italian French Spanish German
693,qwfkyc,Mj&cI92m7a,xssnjoxh@163.com,2,18,Chinese Italian French German
694,hygypqw,ic#VajlGWB,fsrxdm@gmail.com,2,20,French German Spanish Italian English
695,reqwtykk,mEg1h7ibaX,hdnwr@yahoo.com,1,31,Chinese Spanish English German Italian
696,wdp,V$T0JQ7kRx,fxexdqw@163.com,0,33,Spanish Italian Chinese French English
697,vtvzpdn,c6lqIX$oTs,lguryf@gmail.com,0,33,Chinese French
698,vckpl,W1T&#Xgo$B,wjdpjrle@gmail.com,2,34,Spanish
699,zfrclli,M7s64ih8ZN,mfdpekq@yahoo.com,2,37,French
700,jpdppweo,Dq%l96QP@R,rzeyg@163.com,2,45,English Chinese
701,qqfr,ijXYO7qpSH,vxuaii@outlook.com,0,35,Italian German French Spanish Chinese
702,lezjv,7mTtOm4s&O,dimfxdwj@hotmail.com,2,28,English Italian Chinese French
703,uitfzep,OofoZAx9dD,gdlg@163.com,2,55,German English French Chinese Italian
704,lnve,ze#ywSsl9r,mxc@outlook.com,1,58,Italian German English
705,wskk,u2E9J#zjHp,dohjetg@gmail.com,0,34,Spanish
706,wjvcxkbc,Qvwe0vFtrM,tlqksbg@163.com,1,45,English German Italian Chinese Spanish
707,tsmos,&&f6CD#6By,jjjo@163.com,2,35,German Italian Chinese English
708,ghorfel,E0GGTA@ySN,fpcazwlr@qq.com,0,44,Chinese Spanish French German English
709,hipotuxv,Pp3ErJ03&h,vxp@gmail.com,0,32,Italian
710,qgdf,PdJjW1OO7R,txwfnag@yahoo.com,2,51,Spanish Italian
711,akfaw,SZwKPgyiv#,ixneyno@qq.com,1,40,French English German
712,cxdnyryd,%24dXp9B9R,uizwdp@gmail.com,0,43,French Spanish
713,xzvswct,B2ZjJ4zXUH,vehqaofx@yahoo.com,1,38,Spanish
714,hufurd,hlGHpemj7H,srop@163.com,2,60,Italian
715,mxyxovx,LoVgYNPoNp,pkexqb@hotmail.com,1,39,English Spanish Italian
716,tbfkjw,XRKrliI6U0,qitov@163.com,0,60,English French Chinese Italian
717,pcau,@ETDfw7MzK,ldenia@yahoo.com,2,47,Spanish German
718,aydee,CyvPqf27aN,botmxz@gmail.com,0,36,French English Chinese Spanish
719,tqk,Yi#&BUwEYl,dxexurhf@qq.com,1,18,Italian
720,sntwzx,Obieq6n3qH,kohyto@hotmail.com,1,52,Spanish English French Chinese
721,mekda,Fx0gSvm2fk,xbj@hotmail.com,0,24,French
722,fca,J8FFgn37tL,abs@163.com,0,22,Spanish German
723,ybqp,EZUtF&Rxh@,bnnm@qq.com,2,54,Chinese French Italian German
724,bkwnksa,qR9HRymT5j,wcrdt@outlook.com,1,51,French Italian Spanish
725,ggxtk,JscfOh5Lt8,wxw@gmail.com,1,48,English Chinese Italian Spanish
726,rpxlqfi,GowAsh8q4A,xigrnddo@yahoo.com,1,44,Italian German Spanish
727,adannsg,JdsnYlfbuJ,pqbcuzly@qq.com,0,34,English
728,yvzmymhr,fp&zFNKAvN,wfzalhx@gmail.com,1,41,Italian
729,uczizqo,BV9rMY%fPt,rearx@yahoo.com,1,37,Spanish Italian
730,zwxyqotw,N4QJkMYRy0,zgzpq@gmail.com,1,31,German Italian Spanish English
731,knj,$OLPbzeczw,kpgxfe@163.com,2,50,Italian German
732,dyya,AwhqoWwpLL,ariisty@qq.com,2,43,French Chinese Italian Spanish
733,rih,ooJ2tM@WQi,etj@outlook.com,0,25,Spanish Chinese English French German
734,iyxux,IjK0ClB8iq,peski@yahoo.com,1,32,Chinese
735,urg,Ho2D&46Uvv,rxlqve@yahoo.com,2,52,Chinese
736,dejht,nvyPP&wW%a,iwuuknp@163.com,2,49,Chinese French German
737,hivkcd,GAthFbKOgr,xxybpmf@yahoo.com,0,20,Spanish Chinese Italian German
738,xrkwwlla,gnsQKKMvmB,thyu@qq.com,0,57,English
739,wbnpm,5xjlhucTCi,cpln@hotmail.com,2,32,German French Italian Chinese
740,atl,4zymXoIlKG,zfu@qq.com,2,31,English Chinese Spanish
741,kvj,iJ2NXwIvDg,lqavvi@outlook.com,1,40,French Chinese Spanish Italian German
742,dsvmmfff,081a70MEt@,rsjh@yahoo.com,2,40,Spanish
743,chadjggt,r@pxAw09tV,dtyiq@yahoo.com,2,27,German English
744,tmctzuss,I0d$JgPJFn,smhv@gmail.com,2,40,Spanish Italian French German Chinese
745,tqhhc,LY05E&Dvy@,iynldxb@hotmail.com,0,20,French Chinese Italian German
746,enebwr,0$myd%d96F,zqymy@163.com,2,32,Chinese French
747,rihbiqf,mIKSxQa4e8,dhtoe@163.com,1,45,English Spanish
748,xshcg,18liP%rpZY,tmsargrh@qq.com,0,34,Chinese English Italian French
749,jbghntj,%XdFOu1g08,pypm@outlook.com,1,27,German Spanish Italian
750,kimhdw,g2b84IGohR,zdiljz@qq.com,2,40,Italian Chinese German
751,ttg,$lg$ar#TWZ,pisuygb@qq.com,2,31,Italian
752,yjcurwrj,&6e&dr3ggg,tfezh@163.com,2,53,Italian French
753,ehydivm,ErJnhl@W4c,gsfnox@outlook.com,2,39,English Italian Chinese Spanish
754,wfrmdkbo,MuUKF0AGSS,sgb@gmail.com,0,19,French
755,wtlctgh,aYwwJbnXUl,elg@hotmail.com,0,32,English Chinese Spanish French
756,gpdzc,G5K2uew37I,sqyilws@outlook.com,1,25,French Chinese German
757,psow,qdB%uYPM3B,detwmywg@outlook.com,1,29,Italian English Chinese
758,esy,KtQL#mrVEn,hefbg@hotmail.com,2,28,Italian German English
759,wbdmzqj,EQvA@1i4OK,fljtz@outlook.com,1,27,German French Chinese Spanish English
760,eyqv,6XJ77lC0vh,afnnhs@outlook.com,1,45,Chinese German French Spanish English
761,jspezixp,9aSfS02aND,fzjuhk@hotmail.com,1,34,Italian German
762,hzppkhyv,zt09AMsWO#,wgkyhq@163.com,1,31,German Chinese Italian French English
763,uurb,bvh7bys3vh,ljwpcciq@outlook.com,2,35,English French Chinese Spanish
764,lymfe,ixtw3E8HBj,dwitjbve@yahoo.com,1,41,Chinese
765,twldw,z5VFfcH1aX,joogicm@gmail.com,1,54,German English
766,zbe,i7cONv#cWK,oly@yahoo.com,2,35,German Chinese Spanish
767,bwor,8TS&vVt$DZ,cwoutff@outlook.com,0,47,Italian
768,gpaofsg,EHNMbqv#n7,fsqldklm@163.com,0,52,German French
769,phkape,vKylZszH%h,llale@yahoo.com,1,38,Spanish English German Italian
770,fvuudl,IT8d@sbwtI,huy@yahoo.com,2,52,German Spanish English Chinese French
771,qet,BePW7AcNSM,zdniwge@outlook.com,1,44,Spanish English Chinese
772,mydacu,WPfwWcKZoC,sppfwvqh@hotmail.com,1,54,Spanish
773,pwne,nZkXn%WLFS,ycelh@yahoo.com,0,57,German Spanish Italian
774,srlyjr,Htz5Q%J2Hy,enmwm@hotmail.com,1,60,Spanish English
775,fmyymz,Yi5CgRz2Jl,xdc@outlook.com,0,59,Spanish English German French
776,lhn,UyyZ2Mu0kN,mqvevm@yahoo.com,1,20,German Spanish
777,ovidfjx,jSW@Ej$M4X,rsazjbeh@qq.com,1,21,Italian Chinese English German
778,nzmwniv,N9LIsvCbMe,hihhy@outlook.com,2,46,German Spanish
779,raqjal,Zy9b4@9a98,gtdbomga@qq.com,0,31,English Italian
780,wpdbel,FeB62paGOQ,bcprrb@gmail.com,2,40,French
781,zvy,y9DjX&ED&x,zoxln@gmail.com,2,56,German English Spanish French
782,dhtpt,wVxW5jF9nw,tmnwz@163.com,2,30,English Italian German Chinese
783,smwges,nM&UnZtA0U,kvfnymve@outlook.com,1,39,French Spanish English
784,lexbn,PJSe7A6VRH,ygnu@163.com,0,48,Italian Spanish
785,wrl,IN5zz%QwjC,mqnjxnfg@qq.com,1,33,German Spanish Italian English
786,fdtpe,rPsiZN28ey,qph@gmail.com,2,60,French Spanish
787,deawrqxv,U91ubaqEKW,xtmilns@yahoo.com,0,19,English
788,uieott,a8y1GIvxHK,vlv@yahoo.com,1,32,French English German Spanish
789,uoeyte,vw6ExzDEqd,myrrgrgn@yahoo.com,2,19,German Chinese Spanish English Italian
790,ohok,Ue0HW0VIfX,nhmxih@163.com,1,24,English Italian German
791,dzoe,%$JQTYdSer,qoaipsm@hotmail.com,2,41,Chinese
792,ujpxihe,X#QNCo6eB1,upmusfmc@qq.com,2,33,French English German Spanish Italian
793,ifwwcsrm,AIdhE71g#s,nkw@gmail.com,0,44,French German Italian
794,mhxtg,u%n$OeVlOU,sgy@qq.com,0,24,Italian German French
795,mka,g%NzdoJCa&,wwziykw@outlook.com,0,56,Italian
796,wsiegf,a&a3#lKpTV,wdtvd@163.com,0,32,Spanish English
797,iwzxztss,7uLx@dn$A1,nnv@qq.com,0,57,Italian German Spanish Chinese English
798,eorbbk,bt25oVwEM7,iedsv@163.com,1,24,Spanish English German Italian French
799,cwxenera,DLi5D&mQoM,nexwjz@gmail.com,1,44,Spanish
800,mhogm,RjghgqTEA4,luaaursj@yahoo.com,2,25,German Chinese Spanish
801,amkzwcb,NAH1yEZ@0C,jpgs@outlook.com,0,27,German Italian French Chinese
802,tqnbli,z0b6HGh5YF,skn@hotmail.com,0,51,Italian Chinese Spanish German French
803,rioabbu,48e3E%5Gya,iei@yahoo.com,1,40,Italian Spanish English Chinese German
804,indqjnym,Vzrh&GGSD&,cjt@qq.com,1,33,Spanish
805,iygf,I7wnnutdyR,dpyzvu@hotmail.com,1,47,German Chinese
806,hmpki,gt#03UWENO,timiykso@gmail.com,1,28,Spanish French
807,eayzimng,%w5SiEJbUk,opct@hotmail.com,2,44,Italian English German Spanish
808,obeczwc,W7Z3GfaVm4,nuomxon@hotmail.com,0,31,Italian French Chinese English German
809,nxntlpb,LX1Pojl5VS,wrsdn@qq.com,2,59,Spanish
810,hpsexqe,PXl4DD5E0E,bqjpncpo@gmail.com,0,55,Spanish German Italian
811,hmsiy,coVksChFOR,dzsiociq@hotmail.com,1,29,Italian Chinese
812,hzib,hO1sv0E5lv,ajwdriqg@outlook.com,2,23,Chinese
813,bqts,5X&FER2ytd,wnv@163.com,1,25,French Spanish Chinese
814,ownctdj,@75i0$rlyX,sqtwctkn@yahoo.com,0,25,Chinese German
815,mvnd,M9a@nD8mxh,pcdzb@163.com,0,54,Italian Spanish German English
816,krhzqccf,ivZ1re13lt,lsf@qq.com,0,51,German Chinese Italian
817,vmj,02mcqB9l8H,hpd@outlook.com,0,20,Spanish Italian
818,tcjxxkt,e8gAbTImuP,ybtten@yahoo.com,1,59,Italian Chinese French German Spanish
819,fdwdjwx,%ShBeOtjew,htqj@qq.com,1,30,German
820,vbkvqtob,iTZXgqpxVa,mzsajwc@outlook.com,2,27,English Spanish
821,pli,nr0l9Z%B4U,wrgyj@yahoo.com,0,58,Spanish
822,jyd,&$d8EmvQxQ,nirzdfsr@yahoo.com,1,18,English Italian Spanish German
823,pxujbw,6E9PzgrnYw,nyotcncd@hotmail.com,0,27,German Spanish Chinese
824,gvftbv,a#eWA6BY9G,alzmmv@gmail.com,0,46,English Spanish Italian
825,bumymsir,C@%f635Qwf,xggzrm@yahoo.com,2,43,Chinese Italian French
826,wte,cxWiuHwJy7,grxte@outlook.com,2,53,Chinese French German Italian Spanish
827,nxsva,&BNY6ymmnt,huk@gmail.com,2,51,Italian French Chinese English Spanish
828,mlt,#6sSSJ#@lO,phs@gmail.com,0,57,Chinese
829,intepjr,ZdAgmu@ZiN,wrpnmziu@qq.com,1,27,Italian Chinese Spanish German English
830,lhymucp,6TIil7QhOM,yluhocsj@outlook.com,1,36,French English Italian Chinese
831,nzt,akZp@16J#8,nzx@hotmail.com,2,47,German English
832,lflw,91ixauHicg,bdryloce@hotmail.com,0,27,Italian French
833,jtxrdya,CMlZCt2lqF,wyjlmt@yahoo.com,2,27,Spanish German French
834,yhqbhjfc,qaj6hQ@%z3,hbufsbrr@yahoo.com,1,33,German Chinese
835,rsth,r890Z65U9r,gtc@qq.com,1,38,French English German
836,blbe,2Vhpv%qTdQ,wdajjkkv@yahoo.com,1,50,French
837,adtv,rG3ZbVQ9xI,jhv@163.com,1,35,Italian Chinese
838,vyrenv,X7ZJJgGnaO,vajiscg@qq.com,1,31,French German Italian Chinese
839,vrfj,xgSnfU#4sT,ncvqu@outlook.com,2,47,Spanish German French Chinese English
840,ckdhlxf,lN&gheIo15,zshsmgy@gmail.com,0,50,English Chinese German Spanish French
841,mkfdbsoe,SzJ98PfF4t,zivnpg@163.com,0,24,Spanish French Italian
842,vpoxz,lBWOZ6Ry21,kzhzfgsj@outlook.com,0,28,English Chinese German Italian French
843,sbypzm,tYnRgZFen8,efm@qq.com,1,20,French Italian English Spanish
844,ogjlupb,vMCLPNzy%Q,szdhukd@hotmail.com,2,29,French Italian Chinese
845,cxrlmptb,s33WSy59r1,hhqrr@yahoo.com,1,39,Chinese English French Spanish Italian
846,xyz,$8KVhp%%sO,zzbmvlwj@163.com,2,57,Italian Chinese German
847,eqv,#&R513D%4q,qwmpoh@gmail.com,0,60,German
848,fzjkzb,P5FFU1RoRC,gir@qq.com,0,27,Italian Spanish French
849,isnoxmuq,o#PR#uAU8I,doame@163.com,1,26,German French
850,utiryjkd,VpnP14&EtD,ryck@hotmail.com,1,47,Spanish Chinese German English
851,rks,R6ApAHWW65,hnqsr@qq.com,2,35,German Chinese Italian Spanish French
852,nmhpaqbf,@BS$1nS49i,lumzjo@yahoo.com,1,23,Spanish
853,fwbunpgf,5dr$cNPh9u,swhu@qq.com,0,27,Italian English French Chinese
854,ihmsdef,HYee&kLHOU,lfscqy@yahoo.com,0,23,Italian Spanish Chinese English
855,cbrxu,@$hPMURjp6,pgdvv@qq.com,2,43,German French Spanish Italian Chinese
856,xtwuezqw,QOp0rkF9Z@,blhwysy@hotmail.com,1,56,English
857,ylag,BQG9ul5qs1,qnkblfa@163.com,0,41,German
858,aikola,iH4C$eh6EF,zpluqvdo@yahoo.com,1,43,Chinese French Spanish Italian English
859,lfu,UxzEH9khxT,qavuxc@qq.com,2,45,German Chinese
860,etaxpj,o0As2H0Q07,ykvmuzyh@yahoo.com,1,33,Chinese German
861,zlg,1E6Xmqf&I2,kwwv@outlook.com,0,34,German English Spanish
862,jrmxpdw,vY&@zyhE38,xhvaupd@qq.com,1,58,French Italian English
863,lzm,fmOujhXUEE,kxuq@163.com,1,31,German English Spanish
864,mmsjqx,BSNUjQZqpg,cmcuygua@hotmail.com,0,19,Chinese French
865,tlhqcc,oy4pWMN2wM,xonf@yahoo.com,1,48,German
866,vzb,QLQVUigvR#,ikqln@qq.com,1,42,Italian English Chinese German
867,dskmvb,MLg1iyukc9,qvdpojt@163.com,0,19,Chinese German English Italian Spanish
868,pdyhrgtl,hr$WzHkIb2,nshmjpkk@gmail.com,1,30,Spanish German
869,hzgln,Dc%ITQ4vL%,lcnhu@hotmail.com,2,50,French
870,dhjfn,dVynav@W05,kspfho@gmail.com,1,43,French Chinese German
871,eletawke,7NDQXl2g$o,xacdlset@yahoo.com,2,46,French English Spanish German Chinese
872,qtjpaazr,1i19vISbTA,ljp@yahoo.com,2,55,Chinese German English Italian French
873,mshiut,IxsZ%2x2bh,qxs@hotmail.com,2,30,French Italian English Chinese German
874,olzh,XeAFy4dqx7,wvwxio@qq.com,2,21,French Chinese Spanish Italian English
875,benjoxaq,rPv61TOyhO,hersypb@yahoo.com,1,23,English Chinese German
876,annzdg,vbq$TZ4f3E,utyhkozr@163.com,2,47,Chinese Spanish English German French
877,opl,ZMEeY2$hXs,pwryeoq@yahoo.com,1,58,English Spanish
878,krfkmj,plVLwy0jN1,lgmqag@yahoo.com,0,49,German French Italian
879,uxoyfzl,aSgUK0ODgw,ialckzk@qq.com,0,35,German Chinese Italian Spanish English
880,nvcc,IDTeS6hlnO,kgjpfzp@gmail.com,1,41,German
881,mdjhri,WwKaT3QvF@,dphvfmj@gmail.com,1,20,Italian German Spanish French English
882,odw,%UwzUVPF%k,legsebo@163.com,1,19,German Spanish French Italian
883,lfzbcbg,ZHYClsxlG3,bkr@outlook.com,0,35,Spanish Italian German English
884,tutu,TN2VlCHZxM,pvh@qq.com,2,31,Italian German French Spanish Chinese
885,wxxqe,CaogL6kVKc,jhfz@yahoo.com,1,21,Italian Spanish German Chinese English
886,xhb,5c%Z156hWu,svh@qq.com,2,24,Italian French Spanish English
887,kmwcio,oBrF%glZ$4,konbtiok@hotmail.com,0,27,Italian Spanish
888,gbh,Zn@WMm$Se9,wjzyvphw@outlook.com,1,53,English Spanish German
889,nrcrls,s2LvPuDi21,vcx@outlook.com,2,48,English Chinese Italian Spanish German
890,zkwgs,@Eluns9lHU,wsptcrob@qq.com,0,59,French Chinese German Italian
891,wont,FIz%@GmnQJ,xtct@gmail.com,2,54,French Chinese Spanish German Italian
892,yubqc,6MPp7i8v#W,svrd@yahoo.com,2,45,English French Spanish Chinese
893,zfr,occNbdWlk7,qkjigayy@gmail.com,1,37,English Italian Spanish
894,xjklrs,OLoqMrV9Se,znxqz@gmail.com,2,27,Spanish Chinese German English French
895,inluunw,3WYAUMDEVY,qtoozybc@yahoo.com,0,46,German English Chinese Spanish
896,rglolu,FTfxNnfRTB,mwt@yahoo.com,0,43,Spanish English Chinese
897,avzsxmy,YO4mcGtm$r,eojskdjr@hotmail.com,2,32,French Italian
898,hil,%OilflvZf@,nlhh@gmail.com,0,48,English
899,iqfs,&4V$n0mULV,czgkdc@hotmail.com,1,22,French Italian
900,xjdfiglc,1JL$r5Fbc&,dyigvao@163.com,0,33,Chinese English Spanish
901,eyapxyzz,ThlbiNqi%A,rtiv@gmail.com,2,56,Italian English
902,hwek,krStC#nP6a,dimn@163.com,2,20,French Italian Spanish Chinese
903,owraumvr,gvAsIqbQMp,bld@163.com,2,52,Italian German French Spanish
904,tinqfdhi,uYQSGPu4MN,ucsuk@qq.com,1,32,French English
905,zvup,o5P@u61q3i,zojwtrch@outlook.com,2,48,German
906,ppdwfyl,u0f0&PY3tz,crktqvzj@hotmail.com,0,18,French Chinese German
907,xeurk,JX6BEvToIn,ybbsmb@163.com,1,20,Italian English German Spanish French
908,iyns,HVD&TVPxku,odv@qq.com,1,34,French Italian
909,frb,3PlA7G2nbe,mqbmhm@yahoo.com,0,45,German Chinese Spanish Italian
910,zjhyqu,Smoo72bCrK,whblsto@gmail.com,0,48,Chinese English
911,hwytvkdc,VKMWizjIAz,xjk@yahoo.com,0,39,Spanish Chinese English French German
912,krk,9WDoGCIi#6,eghxk@hotmail.com,0,60,French
913,kftkn,UnbPOij@f4,rcicti@qq.com,0,42,Spanish
914,mlbknloh,NWQQUlt30f,pcpgwt@hotmail.com,0,49,German Spanish English Italian
915,zct,L7fe26TCcM,dttlwihz@gmail.com,2,37,Spanish French
916,fmxadgqf,OBOOHjKYiR,agh@163.com,1,36,Italian
917,wfmr,abMPTyYP1v,aypy@outlook.com,1,40,Chinese Italian English
918,hhkiwrg,qOkFzlWdxs,sxlfbgng@gmail.com,1,25,Spanish German Chinese English Italian
919,ehh,eHzn5zzvMS,vcx@hotmail.com,1,22,Chinese English Italian French Spanish
920,huqyuum,1OEXL$XLUW,fgofjo@yahoo.com,0,22,Italian Chinese Spanish
921,vptds,2$f#uHD66A,tndblyaa@yahoo.com,0,29,German English
922,qsogcsy,zDIP4Cw@hz,bwozxfgc@gmail.com,1,21,English German Chinese Spanish French
923,bcnfwwou,XjuqePkXdG,uppxkrqj@gmail.com,0,47,English Italian
924,xxk,4WZXM4JGG1,zhgchzyt@163.com,1,31,German Chinese
925,akg,8&03s&uExa,ywa@yahoo.com,1,24,German French English Italian Spanish
926,nxhl,M1iZbJe0Xd,gsigsi@hotmail.com,2,37,German Italian Chinese
927,kctfmwyb,U1enSenvjZ,bwewgbzm@yahoo.com,0,59,Spanish Italian English
928,qhx,P#r#QG3oFR,ritgxnkd@yahoo.com,1,54,French Spanish German
929,cgcxa,ofKILfSiQm,qzwxos@hotmail.com,2,24,German Chinese French
930,plltoybj,VawKbwsP$T,thw@yahoo.com,2,36,Spanish Italian French
931,nojdfr,f1RijQ0zqS,qlmqtcd@qq.com,2,21,Spanish German French English Italian
932,emh,D0TLG9$YVy,ecmbe@qq.com,0,27,Chinese Italian French
933,rwce,vtRIZXF%O6,kknta@163.com,1,32,Chinese Spanish German French
934,unbagh,MMbFXa5w@5,rrsd@hotmail.com,0,46,Chinese English
935,ujwomjt,bSZKWgd5Lj,lizjgc@outlook.com,0,29,Italian Chinese English
936,pivesk,I7z3MPXeW&,mkq@163.com,2,43,Spanish French
937,ezaq,msFY2x4Slg,rfon@outlook.com,1,49,English
938,poqmr,px4GeP5fz&,cfnejfnz@hotmail.com,1,28,Italian
939,hjo,Q@KlgZo%sJ,kbvuck@yahoo.com,0,34,German Spanish
940,sbgyhysy,@EAGOusw1&,tunirqae@163.com,1,46,English Chinese Italian German Spanish
941,rlsqnduo,GHUhtRxW%n,exzgn@hotmail.com,0,49,French
942,emhifzmm,0Gaiq4IgRm,hktoi@hotmail.com,0,27,English German French Chinese Spanish
943,ipoijiul,E8#w83MISc,kgapznn@163.com,2,55,Italian
944,zcrxjjym,$PXSc1@MtA,vxiumygr@qq.com,1,55,German English Spanish
945,iin,pMDw8AyZAz,bjz@hotmail.com,0,23,Chinese English French German
946,jbf,lOiUYA9TlF,opjz@163.com,2,38,Spanish French German Italian
947,ayjbwa,JZzQ3H$TAX,euuewz@gmail.com,2,48,German English Chinese Spanish
948,jje,yzt75g10$9,ccbssix@163.com,2,49,Italian English French
949,yyiyplb,IwqPO8Eh$3,kaivu@yahoo.com,0,59,Italian Chinese English French German
950,prnfmt,wUSe4wGjCU,ghpo@yahoo.com,2,35,French German English
951,flwed,laFlzZ%B1R,spbuwwgp@qq.com,1,28,English Italian French Spanish German
952,oizsp,BWJhH1PRYX,nsm@163.com,1,59,Spanish Italian French English German
953,odqbf,t42GQd&ARc,kprl@qq.com,2,47,Spanish
954,ruv,p%x0bN7sBQ,gvz@hotmail.com,1,53,German French Italian
955,mjxwdur,m&Zpgi1WFM,yxhxk@gmail.com,1,25,Chinese German
956,yaw,AsZ1Ot62tS,rsybr@yahoo.com,0,46,French English Chinese Italian German
957,toxz,3P$Zx24uoQ,wxbdh@qq.com,0,57,French Spanish
958,igkdlza,cgU1$IYSEQ,werzc@163.com,2,22,Italian
959,thrlzl,KYyexAvx8w,dswa@hotmail.com,0,19,Spanish
960,hhuqxf,wOpyG70rGD,jebj@hotmail.com,2,44,Italian
961,uvgjg,TeTAsfnlIa,rrh@163.com,2,48,Italian
962,aml,bb6sRKR%7f,khc@gmail.com,0,30,Chinese
963,jebet,6qlHLNiieo,mie@163.com,1,24,Italian Spanish
964,ktnmhltl,ZlS#W1F30q,dncnet@163.com,1,51,Chinese
965,uucxy,P$bAgdEdIY,ebamtn@hotmail.com,2,47,Spanish Italian
966,ude,tL3jK1Dj7t,aapbdawa@outlook.com,0,30,Chinese English Italian Spanish French
967,aycut,qOxLfoUDnp,pefpiwys@hotmail.com,1,28,Italian English Chinese Spanish German
968,uxubmq,eT6dqh#QEH,lgiiqnqa@outlook.com,1,33,German Italian Chinese
969,lvl,$sDjY0kgxb,uldkdtvd@outlook.com,2,22,English Italian German Chinese
970,jjdskcwt,AIYeD6HymT,cpdbmwmr@163.com,2,55,Italian English Spanish German
971,atktqjjt,NBw&CFmJyc,clyexvij@gmail.com,1,48,Chinese
972,uhmsuu,9NFBR5G4do,yatyn@hotmail.com,2,58,French
973,rda,8AEcOdbtAV,xzzdakdn@yahoo.com,2,20,German English
974,wxqm,dP#oPdq$xQ,xwqyuh@gmail.com,2,38,Spanish Italian
975,idprmjjt,tOh9FJQXSA,goqfkhby@outlook.com,2,28,French Italian Spanish
976,tvqj,mSXZbHLM@r,yjmjjify@hotmail.com,0,38,French English
977,krgmuv,udS8$HZljv,ajb@yahoo.com,2,18,English Spanish French Chinese
978,evo,ZnQt%jLq0q,liwm@outlook.com,0,50,Italian Spanish Chinese
979,cvt,zuDlElJEiI,pawdrin@163.com,0,33,German Italian English
980,rqh,gr&0obE#Rz,ehd@yahoo.com,0,48,Italian
981,rujwip,Mtg%woCIYn,ipltvawz@outlook.com,0,56,French Spanish
982,cxyv,4BLYluSVk2,kik@outlook.com,2,28,Italian German Chinese English
983,nncmd,1QjsWa&@CW,avrnetzl@hotmail.com,1,40,Spanish
984,aqjrtxxn,IEAWCTifPs,uszxmjg@yahoo.com,0,27,English
985,xzke,5I35#OuUBr,gfc@163.com,0,20,Chinese English Spanish
986,puc,VUQ9jyA&R7,wwzpbzt@outlook.com,0,52,French Chinese
987,ifdvs,xUk#lGnniX,alylduu@outlook.com,0,31,Chinese Italian Spanish English German
988,wvdsne,CnU0v@MFiM,xjlspsp@163.com,1,18,English
989,lpujg,0CT6&3CO84,qyb@163.com,0,35,Italian Spanish Chinese
990,xxnlq,&QyGdE%YX3,szkuyun@yahoo.com,0,23,French German English Spanish Chinese
991,fnxmn,TvtlecuSAq,svnsewp@gmail.com,1,31,Spanish Chinese Italian English
992,wchowxs,91NSnLaIa0,ktqgbf@qq.com,2,56,Spanish
993,qmqvrva,&SjmJXnT$O,ageok@yahoo.com,1,57,French English German
994,pspz,ODQVO%@hCk,ufhk@outlook.com,2,43,Spanish Chinese Italian
995,ljps,JoneYT0AEb,vxebyjds@gmail.com,1,22,Chinese German
996,fecaa,zeKOGWuXB4,hkcze@163.com,0,36,French Chinese English German
997,jcbw,0VxO43KylL,nceqp@qq.com,2,46,German
998,gvf,J0hYj0z&MZ,uhzstbfn@hotmail.com,0,43,English Spanish Italian French Chinese
999,aisz,kEmc6vwZnw,dzpga@hotmail.com,0,59,Spanish Italian English
1000,djpsc,q1fRXALvPS,kizyxy@hotmail.com,2,32,French German Italian Spanish
1001,wsjrzagl,e763N2ehfe,mbhcyyqp@gmail.com,1,49,French English Italian
1002,wywxcxp,WuwEZGOlMm,fwz@hotmail.com,0,29,Italian German
1003,mwanp,wW2AYKEct&,wucrwhz@gmail.com,0,46,English French Spanish Chinese
1004,ypzzrk,p42l@52VWO,zbxce@163.com,2,21,Spanish Chinese French Italian
1005,wlup,e3$Le%3EZm,mocgtnyl@hotmail.com,2,46,German
1006,rcuwb,EOZuXPDkmO,gzlpjksj@outlook.com,0,21,Spanish Chinese Italian French German
1007,kcivubxn,l5%5R@D5JA,lqlu@qq.com,1,36,French English Chinese
1008,daong,kD9%N9t@Nd,kifa@gmail.com,0,57,French Chinese Spanish
1009,vyij,yzF0Orxmox,kbpwxn@163.com,1,50,Chinese Spanish German French Italian
1010,kmjgqm,u0mC$7@rTO,przxdt@yahoo.com,2,22,French English Spanish Italian German
